Item,Links
Physical health,https://www.youtube.com/watch?v=ufsIA5NARIo&pp=ygUPUGh5c2ljYWwgaGVhbHRo
Physical health,https://www.youtube.com/watch?v=0MM5NwGbg7c&pp=ygUPUGh5c2ljYWwgaGVhbHRo
Physical health,https://www.youtube.com/watch?v=q1Ss8sTbFBY&pp=ygUPUGh5c2ljYWwgaGVhbHRo
Physical health,https://www.youtube.com/watch?v=AnL028p41M8&pp=ygUPUGh5c2ljYWwgaGVhbHRo
Physical health,https://www.youtube.com/watch?v=phLE3ibA7Io&pp=ygUPUGh5c2ljYWwgaGVhbHRo
Physical health,https://www.youtube.com/shorts/0CHunCV-Y4I
Physical health,https://www.youtube.com/watch?v=K60xHx836T0&pp=ygUPUGh5c2ljYWwgaGVhbHRo
Physical health,https://www.youtube.com/watch?v=hkvXRhZsfvY&pp=ygUPUGh5c2ljYWwgaGVhbHRo
Physical health,https://www.youtube.com/watch?v=REtcF5qjm7Q&pp=ygUPUGh5c2ljYWwgaGVhbHRo
Physical health,https://www.youtube.com/watch?v=EORrojq9CbE&pp=ygUPUGh5c2ljYWwgaGVhbHRo
Physical health,https://www.youtube.com/watch?v=BHY0FxzoKZE&pp=ygUPUGh5c2ljYWwgaGVhbHRo
Physical health,https://www.youtube.com/watch?v=XreA78in4oc&pp=ygUPUGh5c2ljYWwgaGVhbHRo
Physical health,https://www.youtube.com/shorts/BY02VaKJRNQ
Physical health,https://www.youtube.com/watch?v=UkCN3mbVohc&pp=ygUPUGh5c2ljYWwgaGVhbHRo
Physical health,https://www.youtube.com/watch?v=CiS2LxFDgWk&pp=ygUPUGh5c2ljYWwgaGVhbHRo
Physical health,https://www.youtube.com/watch?v=9-8UN0cPCmQ&pp=ygUPUGh5c2ljYWwgaGVhbHRo
Physical health,https://www.youtube.com/watch?v=e4PjX9mXYq8&pp=ygUPUGh5c2ljYWwgaGVhbHRo
Physical health,https://www.youtube.com/watch?v=bgY0KnNGXZY&pp=ygUPUGh5c2ljYWwgaGVhbHRo
Physical health,https://www.youtube.com/watch?v=AEPnYII8uSI&pp=ygUPUGh5c2ljYWwgaGVhbHRo
Physical health,https://www.youtube.com/watch?v=Srvnee0ha3g&pp=ygUPUGh5c2ljYWwgaGVhbHRo
Physical health,https://www.youtube.com/watch?v=CR5krXHkr2I&pp=ygUPUGh5c2ljYWwgaGVhbHRo
Physical health,https://www.youtube.com/watch?v=tKrE4OtlndI&pp=ygUPUGh5c2ljYWwgaGVhbHRo
Physical health,https://www.youtube.com/watch?v=c3RNBmsLc-M&pp=ygUPUGh5c2ljYWwgaGVhbHRo
Physical health,https://www.youtube.com/watch?v=EKEWk4oWmjY&pp=ygUPUGh5c2ljYWwgaGVhbHRo
Physical health,https://www.youtube.com/watch?v=37UhELFvPec&pp=ygUPUGh5c2ljYWwgaGVhbHRo
Physical health,https://www.youtube.com/watch?v=rf1YmgeQrrI&pp=ygUPUGh5c2ljYWwgaGVhbHRo
Physical health,https://www.youtube.com/shorts/j8Q7EH-gYr8
